antecedents_offertitle,consequents_offertitle
Nikon Reflex D5300 + Nikkor 18-140mm Vr Black,Nikon Ni D5300 + Sd8gb
Nikon Ni D5300 + Sd8gb,Nikon Reflex D5300 + Nikkor 18-140mm Vr Black
Nikon Reflex D5300 + Nikkor 18-140mm Vr Black,Nikon d5300 + 18-55mm vr ii - subito disponibile - manuale in italiano
Nikon d5300 + 18-55mm vr ii - subito disponibile - manuale in italiano,Nikon Reflex D5300 + Nikkor 18-140mm Vr Black
Nikon D5300 Kit nero + AF-P 18-55 VR,Nikon Reflex D5300 + Nikkor 18-140mm Vr Black
Nikon Reflex D5300 + Nikkor 18-140mm Vr Black,Nikon D5300 Kit nero + AF-P 18-55 VR
Nikon Ni D5300 + Sd8gb,Nikon d5300 + 18-55mm vr ii - subito disponibile - manuale in italiano
Nikon d5300 + 18-55mm vr ii - subito disponibile - manuale in italiano,Nikon Ni D5300 + Sd8gb
Nikon D5300 Kit nero + AF-P 18-55 VR,Nikon Ni D5300 + Sd8gb
Nikon Ni D5300 + Sd8gb,Nikon D5300 Kit nero + AF-P 18-55 VR
Nikon D5300 Kit nero + AF-P 18-55 VR,Nikon d5300 + 18-55mm vr ii - subito disponibile - manuale in italiano
Nikon d5300 + 18-55mm vr ii - subito disponibile - manuale in italiano,Nikon D5300 Kit nero + AF-P 18-55 VR
FAAC E145 Scheda Elettronica Faac,FAAC E145 Scheda elettronica FAAC
FAAC E145 Scheda elettronica FAAC,FAAC E145 Scheda Elettronica Faac
Goodyear 215/60R16 95V VECTOR 4 SEASONS,Lenovo ThinkPad T540p Monitor 15.6&#39;&#39; Full HD Intel Core i5-4210M Ram 4GB Hard Disk 500GB NVIDIA GeForce GT 730M 1GB DVD±RW 2xUSB 3.0 Windows 7/8.1 Pro
Philips 40pft4100,Lenovo ThinkPad T540p Monitor 15.6&#39;&#39; Full HD Intel Core i5-4210M Ram 4GB Hard Disk 500GB NVIDIA GeForce GT 730M 1GB DVD±RW 2xUSB 3.0 Windows 7/8.1 Pro
Homegarden LED-EROS-AP - Lampada da parete per esterno a led luce calda Grigio Eros 7 Watt cm 25 x 13,Lenovo ThinkPad T540p Monitor 15.6&#39;&#39; Full HD Intel Core i5-4210M Ram 4GB Hard Disk 500GB NVIDIA GeForce GT 730M 1GB DVD±RW 2xUSB 3.0 Windows 7/8.1 Pro
Klarstein RGL60BL cappa di aspirazione 60cm 500m&sup3;/h vetro nera,Lenovo ThinkPad T540p Monitor 15.6&#39;&#39; Full HD Intel Core i5-4210M Ram 4GB Hard Disk 500GB NVIDIA GeForce GT 730M 1GB DVD±RW 2xUSB 3.0 Windows 7/8.1 Pro
Kyocera FS-1325MFP Stampante Multifunzione Stampa Copia Scansione Fax Laser Document Solutions B / N A4 35 Ppm Usb,Lenovo ThinkPad T540p Monitor 15.6&#39;&#39; Full HD Intel Core i5-4210M Ram 4GB Hard Disk 500GB NVIDIA GeForce GT 730M 1GB DVD±RW 2xUSB 3.0 Windows 7/8.1 Pro
Lineafabbrica Sedia ufficio Tropea Lineafabbrica Nero Karina 01,Lenovo ThinkPad T540p Monitor 15.6&#39;&#39; Full HD Intel Core i5-4210M Ram 4GB Hard Disk 500GB NVIDIA GeForce GT 730M 1GB DVD±RW 2xUSB 3.0 Windows 7/8.1 Pro
Irobot Scooba 230.,Apple MacBook 12&#39;&#39; Retina IPS Intel Core M Dual-Core 1.1GHz Ram 8GB Memoria Flash 256GB 1xUSB-C Bluetooth 4.0 OS X Yosemite Argento
Piquadro Zaino Portacomputer In Piquadro Vibe Ca1813vi/cu In Pelle,Apple MacBook 12&#39;&#39; Retina IPS Intel Core M Dual-Core 1.1GHz Ram 8GB Memoria Flash 256GB 1xUSB-C Bluetooth 4.0 OS X Yosemite Argento
Lexmark CX310N - Stampante Multifunzione Stampa Copia Scansione Laser a Colori A4 23 Ppm (B / N) 23 Ppm (Colore) Usb 2.0 Ethernet,Apple MacBook 12&#39;&#39; Retina IPS Intel Core M Dual-Core 1.1GHz Ram 8GB Memoria Flash 256GB 1xUSB-C Bluetooth 4.0 OS X Yosemite Argento
Apple MacBook 12&#39;&#39; Retina IPS Intel Core M Dual-Core 1.1GHz Ram 8GB Memoria Flash 256GB 1xUSB-C Bluetooth 4.0 OS X Yosemite Argento,VIDAXL Arredo Giardino Rattan: 2 Letti Chaise Longue Caffè - Vidaxl
Alpina Motosega Potatura Pr2510,Dcg MF1100C Mini Frigorifero Potenza 49 Watt Capacità 20 Litri
Goodyear 215/60R16 95V VECTOR 4 SEASONS,Homegarden LED-EROS-AP - Lampada da parete per esterno a led luce calda Grigio Eros 7 Watt cm 25 x 13
New Balance Sneakers Trail Running 980 In Tessuto Primavera-Estate Art. 45028,LG 55EG910v TV Oled 55&quot; Curvo 3D Wi-Fi Smart TV EG 910
New Balance Sneakers Trail Running 980 In Tessuto Primavera-Estate Art. 45028,ALPINESTARS SCARPA FASTBACK WATERPROOF 2014
Beliani Armadietto Da Bagno - Laterale - Verticale - Nero - Mataro (19786),ALPINESTARS SCARPA FASTBACK WATERPROOF 2014
Sauna finlandese in abete o betulla rossa profondità fino a 120 cm,Beliani Armadietto Da Bagno - Laterale - Verticale - Nero - Mataro (19786)
DeLonghi EC221CD Macchina da Caffè Espresso Manuale Serbatoio 1 Litro Potenza 1050 Watt,LG 55EG910v TV Oled 55&quot; Curvo 3D Wi-Fi Smart TV EG 910
Bosch Bbh Move1 Ricaricabile Bianco Perla,LG 55EG910v TV Oled 55&quot; Curvo 3D Wi-Fi Smart TV EG 910
ALPINESTARS SCARPA FASTBACK WATERPROOF 2014,LG 55EG910v TV Oled 55&quot; Curvo 3D Wi-Fi Smart TV EG 910
Black & Decker Tagliabordi a filo 550 W,LG 55EG910v TV Oled 55&quot; Curvo 3D Wi-Fi Smart TV EG 910
Polti Vaporella Forever 610,VIDAXL Arredo Giardino Rattan: 2 Letti Chaise Longue Caffè - Vidaxl
Polti Vaporella Forever 610,Verdemax Gazebo in ferro per giardino Plutone 3x4xh2
Homegarden LED-EROS-AP - Lampada da parete per esterno a led luce calda Grigio Eros 7 Watt cm 25 x 13,SISSEL® SILENCIUM® Cuscino Antirussamento
Fendi Bermuda Mare Stampa Camouflage Primavera-Estate Art. 38370,Asics GEL NIMBUS 16 - T485N-3697
Asics GEL NIMBUS 16 - T485N-3697,Mizuno WAVE PROPHECY 3 - J1GC1400-12
Klarstein Iceblokk Congelatore orizzontale Freezer 200 L 213 kWh/a A+ bianco,VIDAXL Barbecue A Carbonella Sospeso Forma Rotonda - Vidaxl
Klarstein Iceblokk Congelatore orizzontale Freezer 200 L 213 kWh/a A+ bianco,VIDAXL Arredo Giardino Rattan: 2 Letti Chaise Longue Caffè - Vidaxl
FARO Ventilatore A Pale Con Luce Menorca Faro 33290,VIDAXL Barbecue A Carbonella Sospeso Forma Rotonda - Vidaxl
FARO Ventilatore A Pale Con Luce Menorca Faro 33290,Bestway Piscina Idromassaggio Gonfiabile 4-6 posti Lay-Z-Spa Paris 54148 Bestway
FARO Ventilatore A Pale Con Luce Menorca Faro 33290,VIDAXL Arredo Giardino Rattan: 2 Letti Chaise Longue Caffè - Vidaxl
FARO Ventilatore A Pale Con Luce Menorca Faro 33290,Verdemax Gazebo in ferro per giardino Plutone 3x4xh2
Sharp Climatizzatore SHARP serie HI-TECH AY-XPC9PHR 9000 BTU,VIDAXL Arredo Giardino Rattan: 2 Letti Chaise Longue Caffè - Vidaxl
Sharp Climatizzatore SHARP serie HI-TECH AY-XPC9PHR 9000 BTU,Verdemax Gazebo in ferro per giardino Plutone 3x4xh2
JVC Sintolettore CD KW-R710E Supporto MP3 / WMA / WMA / WAV 4x50Watt USB / AUX,Dcg MF1100C Mini Frigorifero Potenza 49 Watt Capacità 20 Litri
Tessilform Medical multimermory 05 matrimoniale,Zone Goldflex - Materasso Memory 7 Zone
Beliani Rete A Doghe Regolabile Elettronicamente - 90x200cm - Moon (33192),Zone Goldflex - Materasso Memory 7 Zone
Tessilform Eclettico memory 39 matrimoniale,Zone Goldflex - Materasso Memory 7 Zone
Irobot Scooba 230.,Goldflex - Materasso Memory Prezzi 85x200 ... (WM12A-06)
Irobot Scooba 230.,Bestway Piscina Idromassaggio Gonfiabile 4-6 posti Lay-Z-Spa Paris 54148 Bestway
Irobot Scooba 230.,VIDAXL Arredo Giardino Rattan: 2 Letti Chaise Longue Caffè - Vidaxl
Irobot Scooba 230.,Verdemax Gazebo in ferro per giardino Plutone 3x4xh2
Sauna finlandese in abete o betulla rossa profondità fino a 120 cm,Bosch Bbh Move1 Ricaricabile Bianco Perla
VIDAXL Barbecue A Carbonella Sospeso Forma Rotonda - Vidaxl,VIDAXL Arredo Giardino Rattan: 2 Letti Chaise Longue Caffè - Vidaxl
Sauna finlandese in abete o betulla rossa profondità fino a 120 cm,ALPINESTARS SCARPA FASTBACK WATERPROOF 2014
Black & Decker Tagliabordi a filo 550 W,ALPINESTARS SCARPA FASTBACK WATERPROOF 2014
Bestway Piscina Idromassaggio Gonfiabile 4-6 posti Lay-Z-Spa Paris 54148 Bestway,VIDAXL Arredo Giardino Rattan: 2 Letti Chaise Longue Caffè - Vidaxl
Skaema Tavolo in teak Kota arredo giardino,VIDAXL Arredo Giardino Rattan: 2 Letti Chaise Longue Caffè - Vidaxl
VIDAXL Arredo Giardino Rattan: 2 Letti Chaise Longue Caffè - Vidaxl,Verdemax Gazebo in ferro per giardino Plutone 3x4xh2
Verdemax Gazebo in ferro per giardino Plutone 3x4xh2,VIDAXL Arredo Giardino Rattan: 2 Letti Chaise Longue Caffè - Vidaxl
Lenovo ThinkPad T540p Monitor 15.6&#39;&#39; Full HD Intel Core i5-4210M Ram 4GB Hard Disk 500GB NVIDIA GeForce GT 730M 1GB DVD±RW 2xUSB 3.0 Windows 7/8.1 Pro,LG 55EG910v TV Oled 55&quot; Curvo 3D Wi-Fi Smart TV EG 910
Lenovo ThinkPad T540p Monitor 15.6&#39;&#39; Full HD Intel Core i5-4210M Ram 4GB Hard Disk 500GB NVIDIA GeForce GT 730M 1GB DVD±RW 2xUSB 3.0 Windows 7/8.1 Pro,Philips 40pft4100
VIDAXL Arredo Giardino Rattan: 2 Letti Chaise Longue Caffè - Vidaxl,VIDAXL Barbecue A Carbonella Sospeso Forma Rotonda - Vidaxl
VIDAXL Arredo Giardino Rattan: 2 Letti Chaise Longue Caffè - Vidaxl,Apple MacBook 12&#39;&#39; Retina IPS Intel Core M Dual-Core 1.1GHz Ram 8GB Memoria Flash 256GB 1xUSB-C Bluetooth 4.0 OS X Yosemite Argento
Skaema Tavolo in teak Kota arredo giardino,Apple MacBook 12&#39;&#39; Retina IPS Intel Core M Dual-Core 1.1GHz Ram 8GB Memoria Flash 256GB 1xUSB-C Bluetooth 4.0 OS X Yosemite Argento
Skaema Tavolo in teak Kota arredo giardino,Piquadro Zaino Portacomputer In Piquadro Vibe Ca1813vi/cu In Pelle
Piquadro Zaino Portacomputer In Piquadro Vibe Ca1813vi/cu In Pelle,Skaema Tavolo in teak Kota arredo giardino
VIDAXL Arredo Giardino Rattan: 2 Letti Chaise Longue Caffè - Vidaxl,Bestway Piscina Idromassaggio Gonfiabile 4-6 posti Lay-Z-Spa Paris 54148 Bestway
VIDAXL Arredo Giardino Rattan: 2 Letti Chaise Longue Caffè - Vidaxl,Skaema Tavolo in teak Kota arredo giardino
LG 55EG910v TV Oled 55&quot; Curvo 3D Wi-Fi Smart TV EG 910,New Balance Sneakers Trail Running 980 In Tessuto Primavera-Estate Art. 45028
Beliani Armadietto Da Bagno - Laterale - Verticale - Nero - Mataro (19786),Sauna finlandese in abete o betulla rossa profondità fino a 120 cm
