antecedents_offertitle,consequents_offertitle
fournier décoration Lit coffre - Diva - Noir - 140x190 avec tete de lit + Matelas 140x190 épaisseur 24 cm,groupon goods Lit coffre Prima 160x200cm Noir
groupon goods Lit coffre Prima 90x190cm Gris+ Matelas mémoire de forme 90x190cm,fournier décoration Lit coffre - Diva - Noir - 140x190 avec tete de lit + Matelas 140x190 épaisseur 24 cm
groupon goods Tête de lit 140cm en microfibre Noir,fournier décoration Lit coffre - Diva - Noir - 140x190 avec tete de lit + Matelas 140x190 épaisseur 24 cm
Armoire D&#39;angle Bicolore 2 Portes &#39;&#39;jork&#39;&#39; - Marque Anonyme,Rauch Ensemble Chambre à Coucher Lit 2 Personnes + 2 Chevets Rauch
Rauch Ensemble Chambre à Coucher Lit 2 Personnes + 2 Chevets Rauch,Armoire D&#39;angle Bicolore 2 Portes &#39;&#39;jork&#39;&#39; - Marque Anonyme
Lit Gigogne + 3 Tiroirs Enfant - Marque Anonyme,Lit Combiné Enfant Avec Rangements Rauch - Marque Anonyme
sampur Lit Coffre Genie Box Noir 140x190cm + Matelas Golden,groupon goods Lit combiné - Blanc/Gris
groupon goods Lit coffre simili cuir 90x190cm gris + LED,groupon goods Lit combiné - Blanc/Gris
ema 1 piscine familiale gonflable,groupon goods Lit combiné - Blanc/Gris
Rauch Armoire Penderie Avec Miroirs Rauch,Lit Mezzanine Avec Toboggan
Canapé D&#39;angle Bicolore En Imitation Cuir Softlux® Convertible Avec Méridienne Au Choix - Marque Anonyme,Lit Mezzanine Avec Toboggan
Lit Gigogne 2 Lits Empilables + 2 Sommiers,Ensemble Pour Chambre à Coucher Lit 2 Personnes + Armoire 6 Portes
Lit 2 Personnes Design Décor Bois + Métal Chromé - Marque Anonyme,Ensemble Pour Chambre à Coucher Lit 2 Personnes + Armoire 6 Portes
Armoire Dressing Penderie à 2 Portes Coulissantes Anna - Marque Anonyme,Ensemble Pour Chambre à Coucher Lit 2 Personnes + Armoire 6 Portes
Armoire Dressing Penderie 2 Portes Coulissantes Fresh To Go - Marque Anonyme,Lit Mi-haut Combiné 1 Personne + Commode + Bureau Coulissant - Marque Anonyme
Lit Mi-haut Combiné 1 Personne + Commode + Bureau Coulissant - Marque Anonyme,Armoire Dressing Penderie 2 Portes Coulissantes Fresh To Go - Marque Anonyme
fournier décoration Lit LED design blanc liseré noir 160x200 + Matelas 160x200 épaisseur 24 cm,somos venta Lit gigogne Elena - Gris
weber industries Lit Atlanta 140X190 cm Blanc,fournier décoration Lit LED design blanc liseré noir 160x200 + Matelas 160x200 épaisseur 24 cm
groupon goods Lit coffre Prima 90x190cm Gris+ Matelas mémoire de forme 90x190cm,fournier décoration Lit LED design blanc liseré noir 160x200 + Matelas 160x200 épaisseur 24 cm
Lit 1 Ou 2 Personne(s) Parisot Avec Tiroirs + Niches - Marque Anonyme,Home Affaire Lit Banquette En Acier Laqué Home Affaire « daybett »
groupon goods Lit coffre Prima 90x190cm Gris+ Matelas mémoire de forme 90x190cm,reca bedding Lit universal 140x200cm - Blanc
sampur Lit coffre Strass LED 140 x 190 simili cuir - Blanc,groupon goods Lit coffre Prima 160x200cm Noir
groupon goods Lit Athena LED 160 x 200cm simili cuir - Gris,sampur Lit coffre Strass LED 140 x 190 simili cuir - Blanc
groupon goods Lit coffre Prima 90x190cm Gris+ Matelas mémoire de forme 90x190cm,sampur Lit coffre Strass LED 140 x 190 simili cuir - Blanc
Rauch Lit Carrosse Enfant Rauch,Armoire-penderie 3 Portes 2 Tiroirs - Marque Anonyme
Rauch Lit Carrosse Enfant Rauch,Lit Gigogne + 2 Tiroirs - Marque Anonyme
Home Affaire Lit Banquette En Acier Laqué Home Affaire « daybett »,Armoire-penderie 3 Portes 2 Tiroirs - Marque Anonyme
Armoire-penderie 3 Portes 2 Tiroirs - Marque Anonyme,Home Affaire Lit Banquette En Acier Laqué Home Affaire « daybett »
groupon goods Lit coffre Prima 140x200cm Blanc,somos venta Lit gigogne Elena - Gris
groupon goods Lit bébé 3 en 1 - Orange,groupon goods Lit Izy 160x200 cm
groupon goods Lit bébé 3 en 1 - Orange,groupon goods Lit Athena LED 160 x 200cm simili cuir - Gris
groupon goods Lit Athena LED 160 x 200cm simili cuir - Gris,groupon goods Lit bébé 3 en 1 - Orange
Veste tailleur,Colombine Tête de lit Cassandre Colombine®
groupon goods Lit coffre luxe 90x200cm Blanc + matelas mémoire de forme Empereur,somos venta Lit gigogne Elena - Gris
groupon goods Lit coffre luxe 90x200cm Blanc + matelas mémoire de forme Empereur,groupon goods Lit surélevé en pin lasuré blanc avec toboggan
groupon goods Lit coffre luxe 90x200cm Blanc + matelas mémoire de forme Empereur,groupon goods Lit bébé 3 en 1 - Bleu
Colombine Tête de lit Cassandre Colombine®,Colombine Tête de lit Cassandre Colombine®
Colombine Couvre lit Sacha façon boutis Colombine®,Colombine Tête de lit Cassandre Colombine®
Surmatelas Aerobed,Colombine Tête de lit Cassandre Colombine®
Home Affaire Baldaquin Romantique Pour Lit 1 Ou 2 Personnes 3 Dimensions - Home Affaire,Lit Enfant 90 X 200 Cm - Marque Anonyme
sampur Lit Coffre Genie Box 160x200cm Blanc,groupon goods Lit Izy 160x200 cm
somos venta Lit gigogne Elena - Blanc,somos venta Lit gigogne Elena + Matelas Paris 90X190 - Blanc
somos venta Lit gigogne Elena - Blanc,jago Grande coiffeuse avec miroir et tabouret Blanc
groupon goods Lit Izy 160x200 cm,somos venta Lit gigogne Elena - Gris
weber industries Lit Atlanta 140X190 cm Blanc,somos venta Lit gigogne Elena - Gris
sampur Lit coffre Strass LED 180x200 aspect cuir - Gris + Matelas Golden 180x200,somos venta Lit gigogne Elena - Gris
groupon goods Lit Star - 90x190 cm - Simili cuir - Gris,somos venta Lit gigogne Elena - Gris
groupon goods Poussette canne inclinable en 5 positions - noir 10060,somos venta Lit gigogne Elena - Gris
sampur Lit coffre Strass LED 160 x 200 cm simili cuir - Blanc + Matelas Golden 180x200,groupon goods Lit coffre luxe 160x200cm Gris + matelas mémoire de forme 160x200cm Empereur
groupon goods Lit coffre Prima 90x190cm Gris+ Matelas mémoire de forme 90x190cm,groupon goods Lit coffre luxe 160x200cm Gris + matelas mémoire de forme 160x200cm Empereur
sampur Lit coffre Strass LED 180x200 aspect cuir - Gris + Matelas Golden 180x200,groupon goods Lit combiné 90x190 cm - Mill
groupon goods Tête de lit 140cm en microfibre Noir,groupon goods Lit combiné 90x190 cm - Mill
groupon goods Lit surélevé en pin lasuré blanc avec toboggan,somos venta Lit gigogne Elena + Matelas Paris 90X190 - Blanc
groupon goods Lit surélevé en pin lasuré blanc avec toboggan,groupon goods Lit bébé 3 en 1 - Bleu
groupon goods Parure de lit Amélie rouge - 135 x 200 + 1 taie d&#39;oreiller 50x75cm,somos venta Lit gigogne Elena + Matelas Paris 90X190 - Blanc
weber industries Lit Atlanta 140X190 cm Blanc,somos venta Lit gigogne Elena + Matelas Paris 90X190 - Blanc
groupon goods Lit Athena LED 160 x 200cm simili cuir - Gris,somos venta Lit gigogne Elena + Matelas Paris 90X190 - Blanc
reca bedding Lit universal 90x190cm - Noir + Matelas mémoire de forme Sleepflex,somos venta Lit gigogne Elena + Matelas Paris 90X190 - Blanc
groupon goods Lit coffre Prima 90x190cm Gris+ Matelas mémoire de forme 90x190cm,somos venta Lit gigogne Elena + Matelas Paris 90X190 - Blanc
reca bedding Lit Universal 180x200cm Noir,somos venta Lit gigogne Elena + Matelas Paris 90X190 - Blanc
groupon goods Lit Athena LED 160 x 200cm simili cuir - Gris,groupon goods Lit Izy 160x200 cm
reca bedding Lit universal 90x190cm - Noir + Matelas mémoire de forme Sleepflex,groupon goods Lit bébé 3 en 1 - Bleu
infantastic Lit de Voyage et Parc pliant bébé 2 en 1 - Ice Cube,groupon goods Lit bébé 3 en 1 - Bleu
Victorinox Outrider 0.9023.3B1 Couteau suisse,Home Affaire Lit Banquette En Acier Laqué Home Affaire « daybett »
Home Affaire Lit Banquette En Acier Laqué Home Affaire « daybett »,Victorinox Outrider 0.9023.3B1 Couteau suisse
sampur Lit coffre Strass LED 160 x 200 cm simili cuir - Blanc + Matelas Golden 180x200,groupon goods Lit coffre Prima 160x200cm Noir
sampur Lit Coffre Genie Box 160x200cm Blanc + Matelas Golden,groupon goods Lit coffre Prima 160x200cm Noir
reca bedding Lit universal 90x190cm - Noir + Matelas mémoire de forme Sleepflex,groupon goods Lit coffre Prima 160x200cm Noir
groupon goods Lit coffre Prima 90x190cm Gris+ Matelas mémoire de forme 90x190cm,groupon goods Lit coffre Prima 160x200cm Noir
reca bedding Lit universal 90x190cm - Blanc + Matelas mémoire de forme Sleepflex,groupon goods Lit coffre Prima 160x200cm Noir
groupon goods Tête de lit 140cm en microfibre Noir,groupon goods Lit coffre Prima 160x200cm Noir
Home Affaire Baldaquin Romantique Pour Lit 1 Ou 2 Personnes 3 Dimensions - Home Affaire,Armoire 2 Portes Coulissantes 2 Penderies - Marque Anonyme
T-shirt manches courtes,Colombine Tête de lit Cassandre Colombine®
Housse clic-clac motif feuilles,Colombine Tête de lit Cassandre Colombine®
Protection antiglisse fauteuil et canape,Colombine Tête de lit Cassandre Colombine®
Couvre-lit satin Sybilline,Colombine Tête de lit Cassandre Colombine®
Parure de lit Cars® This Way coton,Colombine Tête de lit Cassandre Colombine®
Couvre-lit Tuft qualité standard,Colombine Tête de lit Cassandre Colombine®
groupon goods Lit coffre Prima 90x190cm Gris+ Matelas mémoire de forme 90x190cm,reca bedding Lit universal 90x190cm - Noir + Matelas mémoire de forme Sleepflex
groupon goods Poussette canne inclinable en 5 positions - noir 10060,groupon goods Lit coffre Prima 90x190cm Gris+ Matelas mémoire de forme 90x190cm
groupon goods Lit coffre Prima 90x190cm Gris+ Matelas mémoire de forme 90x190cm,groupon goods Poussette canne inclinable en 5 positions - noir 10060
Rauch Armoire Penderie Avec Miroirs Rauch,Canapé D&#39;angle Bicolore En Imitation Cuir Softlux® Convertible Avec Méridienne Au Choix - Marque Anonyme
Lot De 4 Voilages Pour Lit à Baldaquin Fille Amori De Vipack - Marque Anonyme,Canapé D&#39;angle Bicolore En Imitation Cuir Softlux® Convertible Avec Méridienne Au Choix - Marque Anonyme
ADIDAS ORIGINALS Basket adidas Originals Gazelle 2 - 032622,LILLIPUTIENS Balle Ecodoux : Tom
LightInTheBox kooplus-mens Ã  manches courtes en jersey clcying 100% polyester,LightInTheBox Pantalons et Culottes cyclisme Jaggad noir rembourré poche arrière Printemps Eté Automne unisexe vé
LightInTheBox kooplus-mens Ã  manches courtes en jersey clcying 100% polyester,LightInTheBox Pantalons et Culottes cyclisme TM1317 polyamide et élasthanne Maillot cyclisme Cuissard
LightInTheBox Maillots Cyclisme Tops -( Rouge/Bleu ) de Cyclisme/Ski de fond - Respirable/Séchage rapide/Zip fron,LightInTheBox Pantalons et Culottes cyclisme courts métrages scientifiques sports de West White vélo vêtements pa
LightInTheBox kooplus-mens cuissard à bretelles avec 80% polyester (or et crânes),LightInTheBox Pantalons et Culottes cyclisme courts métrages scientifiques sports de West White vélo vêtements pa
LightInTheBox Pantalons et Culottes cyclisme Arsuxeo vélo shorts Sous-vêtements avec Coolmax 3D,LightInTheBox Pantalons et Culottes cyclisme Arsuxeo Hommes Cuissard de vélo de montagne Vélo Débarrasser Shorts
LightInTheBox Pantalons et Culottes cyclisme Arsuxeo vélo shorts Sous-vêtements avec Coolmax 3D,LightInTheBox Costumes cyclisme Tenus (Vert/Noir/Voir l&#39;image) de Escalade/Cyclisme -Respirable/Résistant aux ult
LightInTheBox cyclisme sous-vêtements et la couche base Sous-vêtements à séchage rapide et de haute respirabilité,LightInTheBox Costumes cyclisme Santic - Maillot Cyclisme Vélo manches courtes homme cuissard court 100% polyeste
LightInTheBox Maillots Cyclisme Flamants printemps PaladinSport hommes et Summer Style 100% Polyester manches cou,LightInTheBox Costumes cyclisme Tenus (Vert/Noir/Voir l&#39;image) de Escalade/Cyclisme -Respirable/Résistant aux ult
LightInTheBox Pantalons et Culottes cyclisme été loisirs ample cyclisme shorts pour hommes Santic avec pavé Coolm,LightInTheBox Maillots Cyclisme Flamants printemps PaladinSport hommes et Summer Style 100% Polyester manches cou
LightInTheBox cyclisme sous-vêtements et la couche base Arsuxeo Mens Compression manches courtes respirant à séch,LightInTheBox Maillots Cyclisme Maillot Cyclisme Vélo printemps et été et l&#39;automne manches longues de style 100%
LightInTheBox Costumes cyclisme 100% Polyester Jaune noir à manches courtes vélo Costumes FJQXZ hommes,LightInTheBox Maillots Cyclisme Maillot Cyclisme Vélo printemps et été et l&#39;automne manches longues de style 100%
LightInTheBox Pantalons et Culottes cyclisme été loisirs ample cyclisme shorts pour hommes Santic avec pavé Coolm,LightInTheBox Maillots Cyclisme Maillot Cyclisme Vélo printemps et été et l&#39;automne manches longues de style 100%
LightInTheBox Pantalons et Culottes cyclisme Arsuxeo Homme Automne/Hiver Cycling Pantalon PantalonsRespirable/Des,LightInTheBox Maillots Cyclisme Maillot Cyclisme Vélo printemps et été et l&#39;automne manches longues de style 100%
LightInTheBox cyclisme sous-vêtements et la couche base Arsuxeo Mens Compression manches courtes respirant à séch,LightInTheBox Costumes cyclisme 100% Polyester Jaune noir à manches courtes vélo Costumes FJQXZ hommes
LightInTheBox cyclisme sous-vêtements et la couche base Arsuxeo Mens Compression manches courtes respirant à séch,LightInTheBox Vêtements Triathlon kooplus - triathlon vélo vêtements noirs blanc usure manches et un short conjo
LightInTheBox cyclisme sous-vêtements et la couche base Arsuxeo Mens Compression manches courtes respirant à séch,LightInTheBox Pantalons et Culottes cyclisme CUISSARD Velo cyclisme Noir et blanc à rayures Printemps PaladinSpor
LightInTheBox Vêtements Triathlon KOOPLUS - Triathlon jaune noir sans manches Porter et Shorts Conjoined Vêtemen,LightInTheBox Costumes cyclisme Tenus (Vert/Noir/Voir l&#39;image) de Escalade/Cyclisme -Respirable/Résistant aux ult
LightInTheBox Costumes cyclisme 100% Polyester Jaune noir à manches courtes vélo Costumes FJQXZ hommes,LightInTheBox Vêtements Triathlon kooplus - triathlon vélo vêtements noirs blanc usure manches et un short conjo
LightInTheBox Costumes cyclisme 100% Polyester Jaune noir à manches courtes vélo Costumes FJQXZ hommes,LightInTheBox Pantalons et Culottes cyclisme CUISSARD Velo cyclisme Noir et blanc à rayures Printemps PaladinSpor
LightInTheBox Vestes cyclisme Veste -(Rouge/Bleu/Vert claire) de Cyclisme/Ski de fond/Moto -Respirable/Design Ana,LightInTheBox Pantalons et Culottes cyclisme Arsuxeo Hommes Cuissard de vélo de montagne Vélo Débarrasser Shorts
LightInTheBox Pantalons et Culottes cyclisme cyclisme CORSAIRE velo 3/4 collants Santic-hommes / pantalon court C,LightInTheBox Pantalons et Culottes cyclisme Jaggad noir rembourré poche arrière Printemps Eté Automne unisexe vé
LightInTheBox Pantalons et Culottes cyclisme Spakct S13T14 82% polyamide 18% élasthanne manches cyclisme profess,LightInTheBox Pantalons et Culottes cyclisme Jaggad noir rembourré poche arrière Printemps Eté Automne unisexe vé
LightInTheBox Pantalons et Culottes cyclisme TM1317 polyamide et élasthanne Maillot cyclisme Cuissard,LightInTheBox Vêtements Triathlon kooplus - triathlon vélo vêtements noirs blanc usure manches et un short conjo
LightInTheBox Maillots Cyclisme Biker Apparel vélos Jersey printemps PaladinSport hommes et Summer Style 100% Pol,LightInTheBox Vêtements Triathlon kooplus - triathlon vélo vêtements noirs blanc usure manches et un short conjo
LightInTheBox Costumes cyclisme kooplus Maillot Cyclisme Cuissard à bretelles Cyclisme Vélo bib les courts-métrag,LightInTheBox Vêtements Triathlon kooplus - triathlon vélo vêtements noirs blanc usure manches et un short conjo
LightInTheBox Pantalons et Culottes cyclisme Arsuxeo Homme Automne/Hiver Cycling Pantalon PantalonsRespirable/Des,LightInTheBox Vêtements Triathlon kooplus - triathlon vélo vêtements noirs blanc usure manches et un short conjo
LightInTheBox Maillots Cyclisme Spakct - Maillot Cyclisme Vélo Homme Manches courtes cuissard court 100% polyest,LightInTheBox Vêtements Triathlon kooplus - triathlon vélo vêtements noirs blanc usure manches et un short conjo
LightInTheBox Pantalons et Culottes cyclisme été loisirs ample cyclisme shorts pour hommes Santic avec pavé Coolm,LightInTheBox Costumes cyclisme Tenus (Vert/Noir/Voir l&#39;image) de Escalade/Cyclisme -Respirable/Résistant aux ult
LightInTheBox Maillots Cyclisme Biker Apparel vélos Jersey printemps PaladinSport hommes et Summer Style 100% Pol,LightInTheBox Costumes cyclisme Tenus (Vert/Noir/Voir l&#39;image) de Escalade/Cyclisme -Respirable/Résistant aux ult
LightInTheBox cyclisme sous-vêtements et la couche base Sous-vêtements à séchage rapide et de haute respirabilité,LightInTheBox Costumes cyclisme Tenus (Vert/Noir/Voir l&#39;image) de Escalade/Cyclisme -Respirable/Résistant aux ult
LightInTheBox Vêtements Triathlon KOOPLUS - Triathlon Blanc noir sans manches Porter et Shorts Conjoined Vêtemen,LightInTheBox polyester cycliste rigwarl vent chaud masque mk014
LightInTheBox polyester cycliste rigwarl vent chaud masque mk014,LightInTheBox Vêtements Triathlon KOOPLUS - Triathlon Blanc noir sans manches Porter et Shorts Conjoined Vêtemen
LightInTheBox Pantalons et Culottes cyclisme été loisirs ample cyclisme shorts pour hommes Santic avec pavé Coolm,LightInTheBox Pantalons et Culottes cyclisme CUISSARD Velo cyclisme Noir et blanc à rayures Printemps PaladinSpor
LightInTheBox Maillots Cyclisme Spakct - Maillot Cyclisme Vélo Homme Manches courtes cuissard court 100% polyest,LightInTheBox Pantalons et Culottes cyclisme TM1317 polyamide et élasthanne Maillot cyclisme Cuissard
LightInTheBox Pantalons et Culottes cyclisme maille fablic cyclisme shorts pour hommes realtoo vélo sous-vêtemen,LightInTheBox Pantalons et Culottes cyclisme Spakct S13T14 82% polyamide 18% élasthanne manches cyclisme profess
LightInTheBox Pantalons et Culottes cyclisme Spakct S13T14 82% polyamide 18% élasthanne manches cyclisme profess,LightInTheBox Pantalons et Culottes cyclisme maille fablic cyclisme shorts pour hommes realtoo vélo sous-vêtemen
LightInTheBox Pantalons et Culottes cyclisme Arsuxeo Homme Automne/Hiver Cycling Pantalon PantalonsRespirable/Des,LightInTheBox Maillots Cyclisme Biker Apparel vélos Jersey printemps PaladinSport hommes et Summer Style 100% Pol
LightInTheBox cyclisme sous-vêtements et la couche base Sous-vêtements à séchage rapide et de haute respirabilité,LightInTheBox Costumes cyclisme kooplus Maillot Cyclisme Cuissard à bretelles Cyclisme Vélo bib les courts-métrag
LightInTheBox kooplus-mens cuissard à bretelles avec 80% polyester (or et crânes),LightInTheBox Costumes cyclisme kooplus Maillot Cyclisme Cuissard à bretelles Cyclisme Vélo bib les courts-métrag
LightInTheBox Vestes cyclisme Veste -(Rouge/Bleu/Vert claire) de Cyclisme/Ski de fond/Moto -Respirable/Design Ana,LightInTheBox Costumes cyclisme Tenus (Jaune) de Triathlon/Cyclisme- Maillot Cyclisme Cuissard à bretelles - Res
Clippasafe ? Lot de deux Réflecteurs,REPTILES PLANET Terrarium Bambou S 60 X 40 X 40 H cm
Samsung UE40J5100 TV LED Full HD 102 cm,Thomson 40FA3103 TV LED Full HD 102 cm
Thomson 40FA3103 TV LED Full HD 102 cm,Samsung UE40J5100 TV LED Full HD 102 cm
Yamaha Chaîne HiFi Yamaha MCRN670BLPB,Panasonic TV 4K UHD Panasonic TX-55CX400E 4K 400Hz BMR SMART TV 3D
Samsung Ecran PC TNT Samsung T28E316EX,Forgeadour Plancha gaz Forgeadour ITSASU INOX 600
Vade-Mecum D&#39;endocrinologie Vétérinaire - Dan Rosenberg - Pauline De Fornel-Thibaud,AU Optronics ECRAN DALLE LED AUOPTRONICS B101AW03 V.0 V0 OU COMPATIBLE 10.1 1024x600
Samsung UE32J5100 TV LED Full HD 82 cm,Thomson 40FA3103 TV LED Full HD 102 cm
Thomson 40FA3103 TV LED Full HD 102 cm,Samsung UE32J5100 TV LED Full HD 82 cm
Philips PX4010 Picoprojecteur LED WVGA 100 Lumens,Thomson 40FA3103 TV LED Full HD 102 cm
Thomson 40FA3103 TV LED Full HD 102 cm,Philips PX4010 Picoprojecteur LED WVGA 100 Lumens
ADIDAS ORIGINALS Basket adidas Originals Gazelle 2 - 032622,SYLVIE THIRIEZ Drap A cheval / 180/290
Robe coton macramé - Femme,Cache-radiateur
L.M.V LA MODE EST A VOUS LMV La Mode est à Vous - Robe EVERGLADES- Femme,Petit Bateau 16792 - Robe à bretelles - Uni - Sans manche - Fille - Bleu (Yves) - FR: 14 ans (Taille fabricant: XS/14 ans)
L.M.V LA MODE EST A VOUS LMV La Mode est à Vous - Robe EVERGLADES- Femme,Arnold BS-100009E Briggs and Stratton Huile été pour moteur à 4 temps SAE 30 5l
Petit Bateau 16792 - Robe à bretelles - Uni - Sans manche - Fille - Bleu (Yves) - FR: 14 ans (Taille fabricant: XS/14 ans),Hasbro - 94470 - Monopoly Classique - Operation Carte de crédit
Hasbro - 94470 - Monopoly Classique - Operation Carte de crédit,Petit Bateau 16792 - Robe à bretelles - Uni - Sans manche - Fille - Bleu (Yves) - FR: 14 ans (Taille fabricant: XS/14 ans)
Azucar - PIER-COL-VERT-JAU - Fine Pierres - Collier Femme - Laiton - Cristal - Vert Emeraude/Jaune - 40 cm,Petit Bateau 16792 - Robe à bretelles - Uni - Sans manche - Fille - Bleu (Yves) - FR: 14 ans (Taille fabricant: XS/14 ans)
Petit Bateau 16792 - Robe à bretelles - Uni - Sans manche - Fille - Bleu (Yves) - FR: 14 ans (Taille fabricant: XS/14 ans),Azucar - PIER-COL-VERT-JAU - Fine Pierres - Collier Femme - Laiton - Cristal - Vert Emeraude/Jaune - 40 cm
Brother - MFCJ6720DW - Imprimante Multifonction à Jet d&#39;Encre - Couleur avec Impression A3,Pinolino - 1523445 - Chaise d&#39;enfant - Nele
Bosch Lave vaisselle Bosch SMS40D12EU,Bose Enceinte Multiroom Bose SoundTouch 20 Blanc III
MSI GE62 6QD 668FR Apache Pro Noir Pack Spécial Printemps,Brandt DFH 12127 S Lave vaisselle 12 couverts
Bosch Lave vaisselle intégrable Bosch Smv41D00EU,ASUS EeeBook X205TA FD0060TS Blanc
Wentronic réseau de distributeurs Switch Fast Ethernet avec alimentation (Import Allemagne),Samsung Galaxy 5S NEO G903F silver Smartphone dbloqu 4G (Ecran: 5
Weber Barbecue gaz Weber Q1000 TITANIUM,Wiko Téléphone portable Wiko RIFF 2 Noir/Rose LS
Bertazzoni Germania Piano de cuisson gaz Bertazzoni Germania AM85C71DVI,Forgeadour Plancha gaz Forgeadour ITSASU INOX 450
Dyson Aspirateur balai Dyson DC45 UP TOP,Beko Cuisinière vitrocéramique Beko CSS57100GW
Weber Barbecue charbon Weber ORIGINAL KETTLE 57cm BLACK,La Cornue Piano de cuisson gaz La Cornue CORNUFE 110 DF Inox Nickel
Bertazzoni Germania Piano de cuisson gaz Bertazzoni Germania AM85C71DN,Forgeadour Plancha gaz Forgeadour ITSASU INOX 450
Weber Barbecue charbon Weber MASTER TOUCH GBS 57cm Black,Bertazzoni Germania Piano de cuisson gaz Bertazzoni Germania AM85C71DN
Bertazzoni Germania Piano de cuisson gaz Bertazzoni Germania AM85C71DN,Weber Barbecue charbon Weber MASTER TOUCH GBS 57cm Black
Azucar - PIER-COL-VERT-JAU - Fine Pierres - Collier Femme - Laiton - Cristal - Vert Emeraude/Jaune - 40 cm,Hasbro - 94470 - Monopoly Classique - Operation Carte de crédit
Hasbro - 94470 - Monopoly Classique - Operation Carte de crédit,Azucar - PIER-COL-VERT-JAU - Fine Pierres - Collier Femme - Laiton - Cristal - Vert Emeraude/Jaune - 40 cm
Erotique - Allure Kitten Plus Size Guêpière effet mouillé + String G noir,KissMe Corset à jarretelles + string ficelle noir
KissMe Corset à jarretelles + string ficelle noir,Erotique - Allure Kitten Plus Size Guêpière effet mouillé + String G noir
Erotique - Allure Kitten Plus Size Guêpière effet mouillé + String G noir,Leg Avenue Nuisette bleu
Leg Avenue Nuisette bleu,Erotique - Allure Kitten Plus Size Guêpière effet mouillé + String G noir
Erotique - Allure Kitten Plus Size Guêpière effet mouillé + String G noir,Besired Guêpière push-up + string ficelle Emma rouge
Besired Guêpière push-up + string ficelle Emma rouge,Erotique - Allure Kitten Plus Size Guêpière effet mouillé + String G noir
Erotique - Allure Kitten Plus Size Guêpière effet mouillé + String G noir,Leg Avenue Déguisement Capitaine 1e classe noir
Leg Avenue Déguisement Capitaine 1e classe noir,Erotique - Allure Kitten Plus Size Guêpière effet mouillé + String G noir
Erotique - Allure Kitten Plus Size Guêpière effet mouillé + String G noir,Leg Avenue 2 pièces Ensemble Pitstop Penny rouge
Leg Avenue 2 pièces Ensemble Pitstop Penny rouge,Erotique - Allure Kitten Plus Size Guêpière effet mouillé + String G noir
Erotique - Avanza Corset à jarretelles latex + string ficelle noir,Erotique - Allure Kitten Guêpière + string G similicuir noir
Erotique - Allure Kitten Guêpière + string G similicuir noir,Erotique - Avanza Corset à jarretelles latex + string ficelle noir
Erotique - Avanza Corset à jarretelles latex + string ficelle noir,Besired Guêpière push-up + string ficelle Emma rouge
Besired Guêpière push-up + string ficelle Emma rouge,Erotique - Avanza Corset à jarretelles latex + string ficelle noir
Leg Avenue 2 pièces Ensemble Pitstop Penny rouge,Erotique - Avanza Corset à jarretelles latex + string ficelle noir
Erotique - Avanza Corset à jarretelles latex + string ficelle noir,Leg Avenue 2 pièces Ensemble Pitstop Penny rouge
Erotique - Avanza Corset à jarretelles latex + string ficelle noir,Leg Avenue Déguisement 4 pièces Femme flic noir
Leg Avenue Déguisement 4 pièces Femme flic noir,Erotique - Avanza Corset à jarretelles latex + string ficelle noir
Avanza Corset à jarretelles dos nu + string ficelle noir,Erotique - Allure Leather Guêpière + string ficelle similicuir noir
Erotique - Allure Leather Guêpière + string ficelle similicuir noir,Avanza Corset à jarretelles dos nu + string ficelle noir
France: Ajaccio,France: Ajaccio
Yamaha Chaîne HiFi Yamaha MCRN670BLPB,Asus Ordinateur portable Asus E200HA-FD0004TS Bleu
Yamaha Chaîne HiFi Yamaha MCRN670BLPB,Forgeadour Plancha gaz Forgeadour ITSASU INOX 600
Yamaha Chaîne HiFi Yamaha MCRN670BLPB,Moulinex Cookéo Moulinex CE701500 COOKEO ROUGE
Extel 720400 Livia Visiophone Couleur 4 + 2 Fils,Pinolino - 1523445 - Chaise d&#39;enfant - Nele
Bouchonnerie Jocondienne SO100 Casier à Bouteille Métal 100 x 100 mm,Pinolino - 1523445 - Chaise d&#39;enfant - Nele
TomTom Runner 2 Cardio + Music - Montre GPS - Bracelet Large Noir / Anthracite (ref 1RFM.001.08),Pinolino - 1523445 - Chaise d&#39;enfant - Nele
HP PC Portable HP 250 G4 Tablette tactile Logicom L Ement Tab 1042 BTK,ASUS Transformer Book T200TA CP004T
Campingaz Barbecue gaz Campingaz CLASS 3 RBS L,Asus Ordinateur portable Asus E200HA-FD0004TS Bleu
LENOVO Yoga tab 3 Pro avec Pico Projecteur 10,MSI GS70 6QD 022FR Stealth Noir
HP Pavilion 17 G138NF Blanc,MEDION Akoya S4219 Blanc
LOGICOM L Ement Tab 1040 10,MEDION Akoya S4219 Blanc
SAMSUNG Galaxy Tab S2 VE 9,MEDION Akoya S4219 Blanc
THOMSON Tablette PC 2 en 1 Prestige 8&#39;&#39; Blanc,ASUS ROG GL742VW T4127T Noir
MSI GS60 6QE 217FR Ghost Pro 4K Noir,ASUS EeeBook X205TA FD0060TS Blanc
MSI GS60 6QE 217FR Ghost Pro 4K Noir,MPMAN Converter 8 8 IPS 16 Go Wifi Noir Clavier Bluetooth Windows 10
Hotpoint AQ103F49 Lave linge frontal,MPMAN Converter 8 8 IPS 16 Go Wifi Noir Clavier Bluetooth Windows 10
LEXIBOOK Tablet Fluo XL 9 4 Go Wifi Orange,MSI GS70 6QE 093FR Stealth Pro Noir
ASUS ZenPad Z580CA 8&#39;&#39; IPS 64 Go Wifi Blanc Micro SDXC Ultra UHS 1 64 Go,PACKARD BELL EasyNote LG81BA C0YX
LENOVO Yoga 500 14IBD Noir,ARCHOS 101D Neon 10
ASUS ROG GL752VW T4225T Gris Métal,MSI GS70 6QE 093FR Stealth Pro Noir
Hotpoint AQ103F49 Lave linge frontal,MSI GS70 6QE 093FR Stealth Pro Noir
Indesit Sèche linge évacuation 7kg INDESIT Idv 75 Blanc,MSI GS70 6QE 093FR Stealth Pro Noir
SAMSUNG Galaxy Tab 4 7&#39;&#39; 8 Go Wifi SM T230 Blanc Carte Mémoire Micro SDHC Kingston 8 Go Classe 4 SDC4/8GB Adaptateur SD fourni,LENOVO IdeaPad 500 15ISK Blanc
MEDION Akoya E6239,ARCHOS 101 Magnus 10
Pura Lopez Mules et sabots Pura Lopez( Femme ),Timberland Baskets Timberland( Homme )
Timberland Baskets Timberland( Homme ),Pura Lopez Mules et sabots Pura Lopez( Femme )
Rieker Sandales et nu-pieds Rieker( Femme ),Giesswein Chaussons Giesswein( Homme )
Vibram FiveFingers Chaussures de sport Vibram FiveFingers( Homme ),Giesswein Chaussons Giesswein( Homme )
Surmatelas Aerobed,Madécostore Store enrouleur jour/nuit tamisant blanc
taie d&#39;oreiller Linge de lit Majorelle polyester-coton,Madécostore Store enrouleur jour/nuit tamisant blanc
Protection antiglisse fauteuil et canape,Colombine Voilage double etamine bicolore Colombine
Couvre-lit patchwork,Colombine Voilage double etamine bicolore Colombine
Surmatelas Aerobed,Colombine Voilage double etamine bicolore Colombine
Cache-sommier intégral à volant plat,Colombine Voilage double etamine bicolore Colombine
Razer Kraken Gaming Headset for Xbox One - Casque - pleine taille,Smartbox - Coffret Cadeau Saveurs Du Monde
BUT Chaise EFFET EFFETNOGR,BUT Chaise EFFET EFFETNOMA
BUT Chaise EFFET EFFETNOMA,BUT Chaise EFFET EFFETNOGR
BUT Chaise EFFET EFFETNOGR,BUT Chaise EFFET EFFETNONO
BUT Chaise EFFET EFFETNONO,BUT Chaise EFFET EFFETNOGR
BUT Chaise EFFET EFFETNOGR,DYSON Ventilateur de table DYSON AM06 Soft touch
DYSON Ventilateur de table DYSON AM06 Soft touch,BUT Chaise EFFET EFFETNOGR
BUT Chaise EFFET EFFETNOGR,JBL Enceinte bluetooth nomade JBL FLIP3
JBL Enceinte bluetooth nomade JBL FLIP3,BUT Chaise EFFET EFFETNOGR
BUT Chaise EFFET EFFETNOMA,BUT Chaise EFFET EFFETNONO
BUT Chaise EFFET EFFETNONO,BUT Chaise EFFET EFFETNOMA
JBL Enceinte bluetooth nomade JBL FLIP3,BUT Chaise EFFET EFFETNONO
Azucar - PIER-COL-VERT-JAU - Fine Pierres - Collier Femme - Laiton - Cristal - Vert Emeraude/Jaune - 40 cm,Krups VB700800 BeerTender Machine à Bière Thermoplastique Noir
Dyson Aspirateur balai Dyson DC45 UP TOP,Panasonic Appareil photo Compact Panasonic DMC-TZ100 silver
Campingaz Barbecue gaz Campingaz CLASS 3 RBS L,Dyson Aspirateur balai Dyson DC45 UP TOP
Dyson Aspirateur balai Dyson DC45 UP TOP,ION Platine vinyle ION CLASSIC LP WOOD
Behringer UB2442FX-PRO Eurorack,Allen & Heath ZED-22FX
Allen & Heath ZED-22FX,Behringer UB2442FX-PRO Eurorack
Leg Avenue Nuisette bleu,Besired Guêpière push-up + string ficelle Emma rouge
Besired Guêpière push-up + string ficelle Emma rouge,Leg Avenue Nuisette bleu
Leg Avenue Nuisette bleu,Leg Avenue Déguisement Capitaine 1e classe noir
Leg Avenue Déguisement Capitaine 1e classe noir,Leg Avenue Nuisette bleu
Leg Avenue 2 pièces Ensemble Pitstop Penny rouge,Leg Avenue Nuisette bleu
Leg Avenue Nuisette bleu,Leg Avenue 2 pièces Ensemble Pitstop Penny rouge
Leg Avenue Déguisement 4 pièces Femme flic noir,Leg Avenue Nuisette bleu
Leg Avenue Nuisette bleu,Leg Avenue Déguisement 4 pièces Femme flic noir
Besired Guêpière push-up + string ficelle Emma rouge,Leg Avenue Déguisement Capitaine 1e classe noir
Leg Avenue Déguisement Capitaine 1e classe noir,Besired Guêpière push-up + string ficelle Emma rouge
Leg Avenue 2 pièces Ensemble Pitstop Penny rouge,Besired Guêpière push-up + string ficelle Emma rouge
Besired Guêpière push-up + string ficelle Emma rouge,Leg Avenue 2 pièces Ensemble Pitstop Penny rouge
Leg Avenue 2 pièces Ensemble Pitstop Penny rouge,Leg Avenue Déguisement Capitaine 1e classe noir
Leg Avenue Déguisement Capitaine 1e classe noir,Leg Avenue 2 pièces Ensemble Pitstop Penny rouge
Leg Avenue 2 pièces Ensemble Pitstop Penny rouge,Leg Avenue Déguisement 4 pièces Femme flic noir
Leg Avenue Déguisement 4 pièces Femme flic noir,Leg Avenue 2 pièces Ensemble Pitstop Penny rouge
Le Guide De L&#39;allaitement Naturel - Nourrir Son Enfant En Toute Liberté - Ina May Gaskin,MicroBattery - Batterie de portable - 1 x Lithium Ion 9 éléments 7800 mAh - pour Dell Latitude D531
Le Guide De L&#39;allaitement Naturel - Nourrir Son Enfant En Toute Liberté - Ina May Gaskin,Netatmo Welcome - Caméra à reconnaissance faciale Wi-Fi avec application smartphone
La Voie Du Chamane - Un Manuel De Pouvoir & De Guérison - Michael Harner,Mad Catz Casque-micro Mad Catz F.R.E.Q. TE 7.1 pour gamer
Vibram FiveFingers Chaussures de sport Vibram FiveFingers( Homme ),Elizabeth Stuart Mules et sabots Elizabeth Stuart( Femme )
Elizabeth Stuart Mules et sabots Elizabeth Stuart( Femme ),Vibram FiveFingers Chaussures de sport Vibram FiveFingers( Homme )
Extel 720400 Livia Visiophone Couleur 4 + 2 Fils,Muse M-05RED Radio portable FM/MW/LW/SW Tuner analogique Secteur ou Pile Rouge
Mad Catz Casque-micro Mad Catz F.R.E.Q. TE 7.1 pour gamer,Smartbox - Coffret Cadeau Sensations Et Aventures
Tente Montage Automatique 2 Secondes Chrono Pop Up,FocalJMlab Focal Universal Wireless Receiver APTX - Récepteur audio sans fil Bluetooth
DYSON Ventilateur de table DYSON AM06 Soft touch,JBL Enceinte bluetooth nomade JBL FLIP3
JBL Enceinte bluetooth nomade JBL FLIP3,DYSON Ventilateur de table DYSON AM06 Soft touch
Pinzon by Amazon Lot de serviettes,Bron coucke - 8486japp - Mandoline japonaise 11x31.5cm
ARCHOS 101C Platinum 10,ARCHOS 70b Helium 7&#39;&#39; IPS 8 Go 4G Blanc
Hotpoint Sèche linge condensation 9kg Hotpoint Aqc 9 Bf 5 Tz 1,ARCHOS 70b Helium 7&#39;&#39; IPS 8 Go 4G Blanc
SAMSUNG Galaxy Tab 4 7&#39;&#39; 8 Go Wifi SM T230 Blanc Carte Mémoire Micro SDHC Kingston 8 Go Classe 4 SDC4/8GB Adaptateur SD fourni,ARCHOS 101D Neon 10
ARCHOS 101C Platinum 10,SAMSUNG Galaxy Tab A 9
SAMSUNG Galaxy Tab A 9,ARCHOS 101C Platinum 10
SAMSUNG Galaxy Tab 4 SM T230 7&#39;&#39; 8 Go Wifi Noir Carte mémoire Micro SDHC SAMSUNG EVO 16 Go Classe 10,SAMSUNG Galaxy Tab S2 VE 9
S.R HOME Demi Semelle Talonnette Gel silicone de qualité médicale talon tasse coussin orthopédique Les modèles féminins,Patterson Sport Aid Suspensory M
Colombine Couvre lit Sacha façon boutis Colombine®,Couvre-lit patchwork
Colombine Drap-housse uni grand bonnet coton,Couvre-lit patchwork
Tapis Rhodos,Couvre-lit patchwork
Panasonic Appareil photo Compact Panasonic DMC-TZ100 silver,ION Platine vinyle ION CLASSIC LP WOOD
Continental Edison - CONTINENTAL EDISON CERTT91W Réfrigérateur,Sodastream 30193300 Cartouche pour Machine à Gaz 1 Cylindre
Intel Core i7 6700 - 3.4 GHz - 4 c urs - 8 filetages - 8 Mo cache - LGA1151 Socket - Box,Gainward GeForce GT 730 - Carte graphique - GF GT 730 - 1 Go DDR3 - PCI Express 2.0 DVI
Sony Amplificateur HiFi Sony STRDH130,Forgeadour Plancha gaz Forgeadour ITSASU INOX 450
Focal Enceinte bibliothèque Focal CHORUS 706 WHITE STYLE,Forgeadour Plancha gaz Forgeadour ITSASU INOX 600
Campingaz Barbecue gaz Campingaz CLASS 3 RBS L,Moulinex Cookéo Moulinex CE701500 COOKEO ROUGE
Campingaz Barbecue gaz Campingaz CLASS 3 RBS L,ION Platine vinyle ION CLASSIC LP WOOD
LFB Vélo électrique LFB CT26,KeyTop Couteau à kebab électrique
Republique Dominicaine: Puerto Plata,Canaries: Fuerteventura
Canaries: Fuerteventura,Republique Dominicaine: Puerto Plata
Nike Chaussures de sport Nike( Homme ),Nike Chaussures de sport Nike( Homme )
fournier décoration Lit coffre - Diva - Noir - 140x190 avec tete de lit + Matelas 140x190 épaisseur 24 cm,somos venta Lit gigogne Elena - Gris
groupon goods Lit coffre Prima 160x200cm Noir,fournier décoration Lit coffre - Diva - Noir - 140x190 avec tete de lit + Matelas 140x190 épaisseur 24 cm
fournier décoration Lit LED design blanc liseré noir 160x200 + Matelas 160x200 épaisseur 24 cm,groupon goods Lit bébé 3 en 1 - Bleu
somos venta Lit gigogne Elena - Gris,fournier décoration Lit LED design blanc liseré noir 160x200 + Matelas 160x200 épaisseur 24 cm
groupon goods Lit coffre Prima 160x200cm Noir,sampur Lit coffre Strass LED 140 x 190 simili cuir - Blanc
groupon goods Lit coffre Prima 160x200cm Noir,somos venta Lit gigogne Elena + Matelas Paris 90X190 - Blanc
reca bedding Lit universal 90x190cm - Noir + Matelas mémoire de forme Sleepflex,sampur Lit coffre Strass LED 140 x 190 simili cuir - Blanc
sampur Lit coffre Strass LED 140 x 190 simili cuir - Blanc,reca bedding Lit universal 90x190cm - Noir + Matelas mémoire de forme Sleepflex
sampur Lit coffre Strass LED 140 x 190 simili cuir - Blanc,groupon goods Lit coffre Prima 90x190cm Gris+ Matelas mémoire de forme 90x190cm
groupon goods Lit coffre Prima 160x200cm Noir,reca bedding Lit universal 90x190cm - Noir + Matelas mémoire de forme Sleepflex
groupon goods Lit coffre Prima 160x200cm Noir,groupon goods Lit coffre Prima 90x190cm Gris+ Matelas mémoire de forme 90x190cm
groupon goods Lit Izy 160x200 cm,groupon goods Lit Athena LED 160 x 200cm simili cuir - Gris
groupon goods Lit Izy 160x200 cm,groupon goods Lit bébé 3 en 1 - Orange
somos venta Lit gigogne Elena - Gris,groupon goods Lit coffre luxe 90x200cm Blanc + matelas mémoire de forme Empereur
Colombine Tête de lit Cassandre Colombine®,Madécostore Store enrouleur jour/nuit tamisant blanc
Colombine Tête de lit Cassandre Colombine®,Couvre-lit satin Sybilline
Colombine Tête de lit Cassandre Colombine®,Colombine Voilage double etamine bicolore Colombine
Madécostore Store enrouleur jour/nuit tamisant blanc,Colombine Tête de lit Cassandre Colombine®
Colombine Tête de lit Cassandre Colombine®,Surmatelas Aerobed
jago Grande coiffeuse avec miroir et tabouret Blanc,somos venta Lit gigogne Elena - Blanc
jago Grande coiffeuse avec miroir et tabouret Blanc,groupon goods Lit combiné 90x190 cm - Mill
groupon goods Lit combiné 90x190 cm - Mill,jago Grande coiffeuse avec miroir et tabouret Blanc
groupon goods Lit Izy 160x200 cm,groupon goods Lit Star - 90x190 cm - Simili cuir - Gris
somos venta Lit gigogne Elena - Gris,groupon goods Lit Izy 160x200 cm
groupon goods Lit coffre luxe 160x200cm Gris + matelas mémoire de forme 160x200cm Empereur,groupon goods Lit coffre Prima 160x200cm Noir
groupon goods Lit coffre luxe 160x200cm Gris + matelas mémoire de forme 160x200cm Empereur,groupon goods Lit coffre Prima 90x190cm Gris+ Matelas mémoire de forme 90x190cm
Barbie - Dpx69 - Fashionistas 33 - Look Frange Fab,Patterson Sport Aid Suspensory M
Barbie - Dpx69 - Fashionistas 33 - Look Frange Fab,S.R HOME Demi Semelle Talonnette Gel silicone de qualité médicale talon tasse coussin orthopédique Les modèles féminins
S.R HOME Demi Semelle Talonnette Gel silicone de qualité médicale talon tasse coussin orthopédique Les modèles féminins,Barbie - Dpx69 - Fashionistas 33 - Look Frange Fab
LightInTheBox Costumes cyclisme kooplus Maillot Cyclisme Cuissard à bretelles Cyclisme Vélo bib les courts-métrag,LightInTheBox cyclisme sous-vêtements et la couche base Sous-vêtements à séchage rapide et de haute respirabilité
LightInTheBox Maillots Cyclisme Flamants printemps PaladinSport hommes et Summer Style 100% Polyester manches cou,LightInTheBox Pantalons et Culottes cyclisme été loisirs ample cyclisme shorts pour hommes Santic avec pavé Coolm
LightInTheBox Costumes cyclisme Tenus (Vert/Noir/Voir l&#39;image) de Escalade/Cyclisme -Respirable/Résistant aux ult,LightInTheBox Maillots Cyclisme Flamants printemps PaladinSport hommes et Summer Style 100% Polyester manches cou
LightInTheBox Maillots Cyclisme Maillot Cyclisme Vélo printemps et été et l&#39;automne manches longues de style 100%,LightInTheBox Pantalons et Culottes cyclisme été loisirs ample cyclisme shorts pour hommes Santic avec pavé Coolm
LightInTheBox Maillots Cyclisme Maillot Cyclisme Vélo printemps et été et l&#39;automne manches longues de style 100%,LightInTheBox Costumes cyclisme Tenus (Vert/Noir/Voir l&#39;image) de Escalade/Cyclisme -Respirable/Résistant aux ult
LightInTheBox Costumes cyclisme Tenus (Vert/Noir/Voir l&#39;image) de Escalade/Cyclisme -Respirable/Résistant aux ult,LightInTheBox Maillots Cyclisme Maillot Cyclisme Vélo printemps et été et l&#39;automne manches longues de style 100%
LightInTheBox Vêtements Triathlon kooplus - triathlon vélo vêtements noirs blanc usure manches et un short conjo,LightInTheBox Costumes cyclisme 100% Polyester Jaune noir à manches courtes vélo Costumes FJQXZ hommes
LightInTheBox Vêtements Triathlon kooplus - triathlon vélo vêtements noirs blanc usure manches et un short conjo,LightInTheBox cyclisme sous-vêtements et la couche base Arsuxeo Mens Compression manches courtes respirant à séch
LightInTheBox Pantalons et Culottes cyclisme CUISSARD Velo cyclisme Noir et blanc à rayures Printemps PaladinSpor,LightInTheBox Costumes cyclisme 100% Polyester Jaune noir à manches courtes vélo Costumes FJQXZ hommes
LightInTheBox Pantalons et Culottes cyclisme CUISSARD Velo cyclisme Noir et blanc à rayures Printemps PaladinSpor,LightInTheBox Vêtements Triathlon kooplus - triathlon vélo vêtements noirs blanc usure manches et un short conjo
LightInTheBox Vêtements Triathlon kooplus - triathlon vélo vêtements noirs blanc usure manches et un short conjo,LightInTheBox Pantalons et Culottes cyclisme CUISSARD Velo cyclisme Noir et blanc à rayures Printemps PaladinSpor
LightInTheBox Costumes cyclisme Tenus (Vert/Noir/Voir l&#39;image) de Escalade/Cyclisme -Respirable/Résistant aux ult,LightInTheBox Costumes cyclisme kooplus Maillot Cyclisme Cuissard à bretelles Cyclisme Vélo bib les courts-métrag
LightInTheBox Costumes cyclisme Tenus (Vert/Noir/Voir l&#39;image) de Escalade/Cyclisme -Respirable/Résistant aux ult,LightInTheBox Maillots Cyclisme Biker Apparel vélos Jersey printemps PaladinSport hommes et Summer Style 100% Pol
Samsung Galaxy 5S NEO G903F silver Smartphone dbloqu 4G (Ecran: 5,REPTILES PLANET Terrarium Bambou S 60 X 40 X 40 H cm
Samsung Galaxy 5S NEO G903F silver Smartphone dbloqu 4G (Ecran: 5,Ibiza SLK15 Enceinte Satellite Noir
Ibiza SLK15 Enceinte Satellite Noir,Samsung Galaxy 5S NEO G903F silver Smartphone dbloqu 4G (Ecran: 5
Ibiza SLK15 Enceinte Satellite Noir,Thedecofactory Voilage First à Pattes (90x140cm) Chocolat
Ibiza SLK15 Enceinte Satellite Noir,REPTILES PLANET Terrarium Bambou S 60 X 40 X 40 H cm
REPTILES PLANET Terrarium Bambou S 60 X 40 X 40 H cm,Ibiza SLK15 Enceinte Satellite Noir
PETS-4-US Forage-N-Play Swing Bird Cage (Medium). Colorful,Karlie Perruche - 14Cm
PETS-4-US Forage-N-Play Swing Bird Cage (Medium). Colorful,S.R HOME Demi Semelle Talonnette Gel silicone de qualité médicale talon tasse coussin orthopédique Les modèles féminins
S.R HOME Demi Semelle Talonnette Gel silicone de qualité médicale talon tasse coussin orthopédique Les modèles féminins,PETS-4-US Forage-N-Play Swing Bird Cage (Medium). Colorful
S.R HOME Demi Semelle Talonnette Gel silicone de qualité médicale talon tasse coussin orthopédique Les modèles féminins,Karlie Perruche - 14Cm
Karlie Perruche - 14Cm,S.R HOME Demi Semelle Talonnette Gel silicone de qualité médicale talon tasse coussin orthopédique Les modèles féminins
Valise Old Style avec des rayures Lot de 2,Patterson Sport Aid Suspensory M
Valise Old Style avec des rayures Lot de 2,Karlie Perruche - 14Cm
Karlie Perruche - 14Cm,Valise Old Style avec des rayures Lot de 2
Gerber Hinderer Rescue Couteau de secours pliant,Karlie Perruche - 14Cm
Sony 2.5in External Hard Drive 1.0tb,Gerber Hinderer Rescue Couteau de secours pliant
SAMSUNG Galaxy Tab A 6 7&#39;&#39; HD 8 Go Wifi Noir,ARCHOS 101 Magnus 10
SAMSUNG Galaxy Tab A 6 7&#39;&#39; HD 8 Go Wifi Noir,Brandt DFH 12127 S Lave vaisselle 12 couverts
Brandt DFH 12127 S Lave vaisselle 12 couverts,SAMSUNG Galaxy Tab A 6 7&#39;&#39; HD 8 Go Wifi Noir
La Cornue Piano de cuisson gaz La Cornue CORNUFE 110 DF Inox Nickel,Whirlpool Lave vaisselle Whirlpool ADP410IX
La Cornue Piano de cuisson gaz La Cornue CORNUFE 110 DF Inox Nickel,Weber Barbecue charbon Weber ORIGINAL KETTLE 57cm BLACK
Sony Amplificateur HiFi Sony STRDH130,Whirlpool Lave vaisselle Whirlpool ADP410IX
Whirlpool Lave vaisselle Whirlpool ADP410IX,Sony Amplificateur HiFi Sony STRDH130
Forgeadour Plancha gaz Forgeadour ITSASU INOX 600,Forgeadour Plancha gaz Forgeadour ITSASU INOX 450
Forgeadour Plancha gaz Forgeadour ITSASU INOX 600,Kenwood Robot cuiseur Kenwood Cooking Chef KM099 +AT647+ KAH358
Forgeadour Plancha gaz Forgeadour ITSASU INOX 450,Forgeadour Plancha gaz Forgeadour ITSASU INOX 600
Asus Ordinateur portable Asus E200HA-FD0004TS Bleu,Lenovo Ordinateur portable Lenovo Ideapad 100s 11IBY Bleu
Asus Ordinateur portable Asus E200HA-FD0004TS Bleu,Kitchenaid Robot pâtissier Kitchenaid 5KSM150PS EOB NOIR ARTISAN
Kitchenaid Robot pâtissier Kitchenaid 5KSM150PS EOB NOIR ARTISAN,Asus Ordinateur portable Asus E200HA-FD0004TS Bleu
Lenovo Ordinateur portable Lenovo Ideapad 100s 11IBY Bleu,Weber Barbecue gaz Weber Q1000 TITANIUM
Lenovo Ordinateur portable Lenovo Ideapad 100s 11IBY Bleu,Wiko Téléphone portable Wiko RIFF 2 Noir/Rose LS
Wiko Téléphone portable Wiko RIFF 2 Noir/Rose LS,Lenovo Ordinateur portable Lenovo Ideapad 100s 11IBY Bleu
Forgeadour Plancha gaz Forgeadour ITSASU INOX 600,Beko Cuisinière vitrocéramique Beko CSS57100GW
Forgeadour Plancha gaz Forgeadour ITSASU INOX 600,Acer Ordinateur portable Acer Aspire One 11 AO1-131-C3UJ bleu
Acer Ordinateur portable Acer Aspire One 11 AO1-131-C3UJ bleu,Forgeadour Plancha gaz Forgeadour ITSASU INOX 600
Panasonic Appareil photo Compact Panasonic DMC-TZ100 silver,Beko Cuisinière vitrocéramique Beko CSS57100GW
Panasonic Appareil photo Compact Panasonic DMC-TZ100 silver,Weber Barbecue charbon Weber ORIGINAL KETTLE PREMIUM 47cm Black
Weber Barbecue charbon Weber ORIGINAL KETTLE PREMIUM 47cm Black,Panasonic Appareil photo Compact Panasonic DMC-TZ100 silver
ION Platine vinyle ION CLASSIC LP WOOD,Panasonic Appareil photo Compact Panasonic DMC-TZ100 silver
Sony Appareil photo Bridge Sony DSC-HX300,Forgeadour Plancha gaz Forgeadour ITSASU INOX 450
Forgeadour Plancha gaz Forgeadour ITSASU INOX 450,Sony Appareil photo Bridge Sony DSC-HX300
Sony Appareil photo Bridge Sony DSC-HX300,Beko Cuisinière vitrocéramique Beko CSS57100GW
Weber Barbecue charbon Weber ORIGINAL KETTLE PREMIUM 47cm Black,Beko Cuisinière vitrocéramique Beko CSS57100GW
Weber Barbecue charbon Weber ORIGINAL KETTLE PREMIUM 47cm Black,ION Platine vinyle ION CLASSIC LP WOOD
ION Platine vinyle ION CLASSIC LP WOOD,Weber Barbecue charbon Weber ORIGINAL KETTLE PREMIUM 47cm Black
La Cornue Piano de cuisson gaz La Cornue CORNUFE 110 DF Inox Nickel,Forgeadour Plancha gaz Forgeadour ITSASU INOX 450
La Cornue Piano de cuisson gaz La Cornue CORNUFE 110 DF Inox Nickel,Sony Amplificateur HiFi Sony STRDH130
Sony Amplificateur HiFi Sony STRDH130,La Cornue Piano de cuisson gaz La Cornue CORNUFE 110 DF Inox Nickel
Pinolino - 1523445 - Chaise d&#39;enfant - Nele,Arnold BS-100009E Briggs and Stratton Huile été pour moteur à 4 temps SAE 30 5l
Pinolino - 1523445 - Chaise d&#39;enfant - Nele,Targus Sac à dos avec roulettes City Gear pour ordinateur portable de 15&quot; à 15.6&quot; - Noir - TSB700EU
Targus Sac à dos avec roulettes City Gear pour ordinateur portable de 15&quot; à 15.6&quot; - Noir - TSB700EU,Pinolino - 1523445 - Chaise d&#39;enfant - Nele
Pinolino - 1523445 - Chaise d&#39;enfant - Nele,Krups VB700800 BeerTender Machine à Bière Thermoplastique Noir
Pinolino - 1523445 - Chaise d&#39;enfant - Nele,Azucar - PIER-COL-VERT-JAU - Fine Pierres - Collier Femme - Laiton - Cristal - Vert Emeraude/Jaune - 40 cm
Azucar - PIER-COL-VERT-JAU - Fine Pierres - Collier Femme - Laiton - Cristal - Vert Emeraude/Jaune - 40 cm,Pinolino - 1523445 - Chaise d&#39;enfant - Nele
MSI GS70 6QD 022FR Stealth Noir,ARCHOS 70b Helium 7&#39;&#39; IPS 8 Go 4G Blanc
MSI GS70 6QD 022FR Stealth Noir,LEXIBOOK Tablet Fluo XL 9 4 Go Wifi Orange
LEXIBOOK Tablet Fluo XL 9 4 Go Wifi Orange,MSI GS70 6QD 022FR Stealth Noir
MEDION Akoya S4219 Blanc,SAMSUNG Galaxy Tab S2 VE 9
SAMSUNG Galaxy Tab S2 VE 9,ASUS ROG GL742VW T4127T Noir
MEDION Akoya S4219 Blanc,LOGICOM L Ement Tab 1040 10
MEDION Akoya S4219 Blanc,ARCHOS 101 Magnus 10
ARCHOS 101 Magnus 10,MEDION Akoya S4219 Blanc
MEDION Akoya S4219 Blanc,ARCHOS 101D Neon 10
ASUS EeeBook X205TA FD0060TS Blanc,SAMSUNG Galaxy Tab A 6 7&#39;&#39; HD 8 Go Wifi Noir
ASUS EeeBook X205TA FD0060TS Blanc,MSI GS60 6QE 217FR Ghost Pro 4K Noir
SAMSUNG Galaxy Tab A 6 7&#39;&#39; HD 8 Go Wifi Noir,ASUS EeeBook X205TA FD0060TS Blanc
ASUS EeeBook X205TA FD0060TS Blanc,ARCHOS 70b Helium 7&#39;&#39; IPS 8 Go 4G Blanc
MPMAN Converter 8 8 IPS 16 Go Wifi Noir Clavier Bluetooth Windows 10,ARCHOS 70b Helium 7&#39;&#39; IPS 8 Go 4G Blanc
MPMAN Converter 8 8 IPS 16 Go Wifi Noir Clavier Bluetooth Windows 10,MSI GS60 6QE 217FR Ghost Pro 4K Noir
ARCHOS 101C Platinum 10,LEXIBOOK Tablet Fluo XL 9 4 Go Wifi Orange
Madécostore Store enrouleur jour/nuit tamisant blanc,Colombine Voilage double etamine bicolore Colombine
Madécostore Store enrouleur jour/nuit tamisant blanc,Surmatelas Aerobed
Lang Yarns JAWOLL yarns mAGIC longueur: 6 prises,Makita LS0815FL Scie radiale à onglets 216 mm 1400 W
Lang Yarns JAWOLL yarns mAGIC longueur: 6 prises,Illy - 6739 - Cafetière à dosette 19bars 1250w satin
Illy - 6739 - Cafetière à dosette 19bars 1250w satin,Lang Yarns JAWOLL yarns mAGIC longueur: 6 prises
Panasonic Appareil photo Compact Panasonic DMC-TZ100 silver,Dyson Aspirateur balai Dyson DC45 UP TOP
ARCHOS 101C Platinum 10,Hotpoint Sèche linge condensation 9kg Hotpoint Aqc 9 Bf 5 Tz 1
ARCHOS 70b Helium 7&#39;&#39; IPS 8 Go 4G Blanc,ARCHOS 101C Platinum 10
