Category,OfferTitle
Cellphone,fremde/wechselnde Marke Kupplung für Netzwerkkabel 2xRJ45 Buchse 10/100 Mbit
Cellphone,4 GHz Quad-Core CPU
Cellphone,7&#39;&#39; iPad Pro WiFi+Cell 256 GB Gold + Data Comfort S Basic
Home appliances,Bosch &quot;HCA722220&quot; &quot;Elektro-Standherd in Weiß mit Glaskeramik-Kochfeld&quot;
Home appliances,heine home Unisex Tischläufer rot Rückseite lila
Home appliances, SEM-2 300 - 7700778C02
Photo and Video,Lichtstärke: 150 ANSI-Lumen
Photo and Video,Panasonic DMR-BCT750EG 3D Blu-ray Rekorder + Festplattenrekorder schwarz
Photo and Video,Onkyo TX-SR 444 B Klang Effekt Receiver schwarz
Sports and Fitness,Electra Dreamtime 3i Ladies emarald Urban Bikes
Sports and Fitness,Berg Toys Berg Soziussitz für New Holland
Sports and Fitness,Edelrid BOA 9.8MM 60M Blau 60m +60m
Toys and Video Games, Jawbreaker
Toys and Video Games,KARIN JITTENMEIER Textil-Design Royal Flash & A4 Schablonen 12-tlg.
Toys and Video Games,Lego Friends 41120 Abenteuercamp Bogenschießen
Cars and Motorcycles,2l Motor defekt
Cars and Motorcycles,Rothewald Motorradheber
Cars and Motorcycles,EUFAB 1x EUFAB PREMIUM II Fahrradträger für Anhängekupplung + 1x EUFAB
Furniture, inkl. Rollrost - 90 x 200 cm
Furniture, Beige - 114.0028.319
Furniture, 60 x 120 cm braun
Health and beauty,WELEDA Lavendel-Entspannungsöl 10 ML
Health and beauty,Siemens Emser Salz Beutel
Health and beauty,Christian Dior ADDICT EAU DELICE EDT SPRAY 50 ml
Fashion and Accessories,Miss Goodlife T-Shirt &#39;Parrot&#39;
Fashion and Accessories,Heine Damen Ohrschmuck weiß
Fashion and Accessories,HILFIGER DENIM Cold Dye Wash T-shirt navy blue
Home and Furniture,Hurtta Y-Geschirr (gepolstert) - 80 cm
Home and Furniture,5 cm mit Dekoschale links weiß - 124195000
Home and Furniture,Grohe F-digital Deluxe Dampfgenerator mit Dampfauslass und Temperaturfühler - 27934000
Computing,Noiseblocker &quot;Noiseblocker BLACK Silent Fan XE2 92mm Bulk&quot;
Computing,Xerox Original Xerox Toner 006R00833 black - reduziert
Computing,Tektronix 016153900 Toner Yellow
Network Components,LAME GERFLOR IN PVC PER PAVIMENTI SENSO URBAN &quot;0315 WHITETECH&quot; Artikelnummer: 32850315
Network Components,Jaguar Holster Wildcat
Network Components,mariaberg-riesling
Eat and Drink,Tölzer Kasladen Gourmondo Käseselektion Bestes aus Europa affiniert vom Tölzer Kasladen (1kg)
Eat and Drink,Sté Fermière des Vignobles Pierre Perrin au Chateau de Beaucastel Courthezon - France 2001 Château de Beaucastel rouge Rotwein Rhone Châteauneuf-du-Pape Châteauneuf-du-Pape AC
Eat and Drink,Bübchen (4.25 €/100ml) Wind ml
Shoes,TOMS Del Rey Damen Sneaker navy blue
Shoes,Dr. Martens Chelsea Boots Juniors Banzai Chels Leder
Shoes,Wrangler Footwear Sneaker
Entertainment,Warner Bros. Mittelerde: Mordors Schatten Day One Edition
Entertainment,Tacx Monte Paschi Eroica DVD DVDs
Entertainment, Steve Smith
Baby & Child,Knorr-Baby Kinderwagen Sportwagen Joggy S Happy Colour schwarz
Baby & Child,knorr-baby Kinderwagen Lumi Lum natur ((34000-2)
Baby & Child,ESYLUX LED-Strahler 24W AOL 200 LED 5K ws
Travel and Holidays,Deutschland: Fürstenberg/Havel
Travel and Holidays,VLUG VON MUNICH (MUC) NACH SAN DIEGO (SAN)
Travel and Holidays,Deutschland: Beldorf
Gifts Vouchers and Tickets,Römer Geschenkset Genießer
Gifts Vouchers and Tickets,Lederoase Gutscheinkarte 15 bis 250 Euro-1092205-15
Gifts Vouchers and Tickets,HORN Einladungskarte - Hochzeit - Silber-Hochzeit -
